Field,English,German,Italian,Slovene,Polish,French,Swedish,Dutch,Finnish,Croatian
0,Calling for Pan-European commitment for rapid and sustained reduction in SARS-CoV-2 infections,WissenschaftlerInnen fordern europäische Strategie zur raschen und nachhaltigen Reduktion der COVID-19-Fallzahlen ,Appello per un impegno pan-europeo per una riduzione rapida e duratura delle infezioni da SARS-CoV-2,Poziv k vseevropski zavezanosti za hitro in trajno zmanjšanje SARS-CoV-2 okužb,Wzywamy do podjęcia ogólnoeuropejskiego zobowiązania na rzecz szybkiego i trwałego zmniejszenia liczby zakażeń SARS-CoV-2,Appel à un engagement paneuropéen pour une réduction rapide et durable des infections par le SARS-Cov-2,Calling for Pan-European commitment for rapid and sustained reduction in SARS-CoV-2 infections,Oproep tot pan-Europese inzet voor een snelle en duurzame vermindering van SARS-CoV-2-infecties ,Vaadimme koko Euroopan sitoutumista SARS-CoV-2-infektioiden nopeaan ja jatkuvaan vähentämiseen,Poziv na paneuropsku suradnju radi bržeg i trajnog smanjenja broja zaraženih virusom SARS-CoV-2
1,"Across Europe, the SARS-CoV-2 pandemic is causing excess deaths, placing a burden on societies and health systems, and harming the economy. Yet, European governments still have to develop a common vision to guide the management of the pandemic. Overwhelming evidence shows that not only public health, but also society and the economy benefit greatly from low COVID-19 case numbers. Vaccines will help control the virus, but not until late 2021. If we do not act now, further waves of infection are to be expected, with consequential further damage to health, society, jobs and businesses. Given open borders within Europe, a single country alone cannot keep the number of COVID-19 cases low; thus joint action and common goals among countries are essential. We, therefore, call for a strong, coordinated European response and clearly defined medium- and long-term goals.","In allen Ländern Europas führt die COVID-19 Pandemie zu vermehrten Todesfällen, belastet die Gesellschaften, ihre Gesundheitssysteme und beeinträchtig ihre Volkswirtschaften. Bislang haben die Regierungen in Europa keine gemeinsame Vision für den Umgang mit der COVID-19-Pandemie entwickelt. Es liegt überwältigende wissenschaftliche Evidenz dafür vor, dass nicht nur für die öffentliche Gesundheit, sondern auch für die Gesellschaften und Volkswirtschaften niedrige COVID-19 Fallzahlen von großem Nutzen sind. Auch wenn Impfstoffe helfen werden, das Virus unter Kontrolle zu bringen, ist damit nicht vor Ende 2021 zu rechnen. Wenn wir nicht jetzt entschlossen handeln, ist mit weiteren Infektionswellen zu rechnen, und als Konsequenz mit weiteren Schäden für Gesundheit, Gesellschaft, Arbeitsplätze und Betriebe. Angesichts offener Grenzen kann jedoch kein Land allein die Infektionszahlen niedrig halten, daher sind gerade gemeinsame Ziele und gemeinsames Handeln essentiell. Wir fordern daher eine starke, koordinierte europäische Antwort mit klar definierten mittel- und langfristigen Zielen.","In tutta Europa, la pandemia di SARS-CoV-2 sta causando un numero eccessivo di morti, gravando sulle società e sui sistemi sanitari, e danneggiando l’economia. Tuttavia, i governi europei devono ancora sviluppare una visione comune per guidare la gestione della pandemia. Evidenze schiaccianti dimostrano che non solo la salute pubblica, ma anche la società e l’economia traggono vantaggio da un basso numero di casi di COVID-19. I vaccini aiuteranno a tenere il virus sotto controllo, ma non prima del tardo 2021. Se non agiamo ora, dobbiamo attenderci ulteriori ondate di infezione, che causeranno ulteriori danni alla salute, alla società, al lavoro e alle imprese. Poiché all’interno dell’Europa le frontiere sono aperte, un singolo Paese non può da solo mantenere basso il numero di casi di COVID-19; dunque, un’azione congiunta e obiettivi comuni a tutti i Paesi sono fondamentali. Noi, quindi, chiediamo una risposta forte e coordinata a livello europeo, con obiettivi chiaramente definiti a medio e a lungo termine.","Pandemija SARS-CoV-2 po vsej Evropi povzroča številne smrtne žrtve, obremenjuje družbo in zdravstveni sistem, ter škoduje gospodarstvu. Kljub temu evropske vlade še vedno niso razvile skupno vizijo, ki bi vodila upravljanje pandemije. Mnogi dokazi kažejo, da nizko število primerov COVID-19 ne koristi le javnemu zdravju, temveč tudi družbi in gospodarstvu. Cepiva bodo pomagala nadzorovati virus, vendar šele konec leta 2021. Če ne bomo ukrepali zdaj, je pričakovati nove valove okužbe, kar bo posledično povzročilo nadaljnjo škodo zdravju, družbi, delovnim mestom in podjetjem. Glede na odprte meje v Evropi nobena država sama ne more obdržati nizkega števila primerov COVID-19; zato so skupni ukrepi in skupni cilji med državami ključnega pomena. Zato pozivamo k močnemu, usklajenemu evropskemu odzivu in jasno opredeljenim srednje in dolgoročnim ciljem.","Pandemia SARS-CoV-2 sieje spustoszenie w całej Europie – powoduje nadmierną liczbę zgonów, stanowi obciążenie dla społeczeństwa i systemów opieki zdrowotnej oraz wyrządza szkody gospodarce. Jak dotąd rządy europejskie nie wypracowały jednak wspólnej wizji, która pozwoliłaby zarządzać pandemią. Przytłaczające dowody wskazują, że niska liczba przypadków COVID-19 oznacza duże korzyści nie tylko dla zdrowia publicznego, ale także dla społeczeństwa i gospodarki. Szczepionki pomogą w zwalczeniu wirusa, ale w najlepszym wypadku dopiero pod koniec 2021 roku. Jeśli nie podejmiemy działań teraz, należy spodziewać się kolejnych fal zakażeń, które w rezultacie spowodują dalsze szkody dla zdrowia, społeczeństwa, miejsc pracy i przedsiębiorstw. Biorąc pod uwagę otwarte granice w Europie, jedno państwo nie jest w stanie samodzielnie utrzymać niskiej liczby przypadków COVID-19. Dlatego też niezbędne jest wspólne działanie i ustalenie wspólnych celów. Wzywamy zatem do zdecydowanej, skoordynowanej reakcji Europy, której przyświecają jasno określone cele średnio- i długoterminowe.               ","Dans toute l'Europe, la pandémie de SARS-Cov-2 entraîne une surmortalité, fait peser un fardeau sur nos sociétés et les systèmes de santé, et nuit à l'économie. Pourtant, les gouvernements européens doivent encore élaborer une vision commune pour guider la gestion de la pandémie. Des preuves indiscutables montrent que, non seulement la santé publique, mais la société et l'économie bénéficieraient grandement d’un nombre de cas de COVID-19 faible. Les vaccins permettront de contrôler le virus, mais pas avant la fin 2021. Si nous n'agissons pas maintenant, il faut s'attendre à de nouvelles vagues d'infection, avec les conséquences que cela implique pour la santé, la société, l'emploi et les entreprises. Compte tenu des frontières ouvertes entre pays Européens, un seul pays ne peut à lui seul maintenir le nombre de cas de COVID-19 à un faible niveau ; une action commune et des objectifs communs entre pays sont donc essentiels. C'est pourquoi nous appelons à une réponse européenne forte et coordonnée et à des objectifs clairement définis à moyen et long terme.","Över hela Europa orsakar SARS-CoV-2-pandemin överdödlighet, belastar samhällen och hälsosystem och skadar ekonomin. Trots detta är det viktigt att europeiska regeringar utvecklar en gemensam vision för att styra hanteringenen av pandemin. Överväldigande bevis talar för att inte bara folkhälsan utan också samhället och ekonomin drar mycket nytta av ett lågt antal COVID-19-infekterade. Vacciner kommer att hjälpa till att kontrollera viruset men inte förrän i slutet av 2021. Om vi inte agerar nu kan ytterligare infektionsvågor förväntas med fortsatta negativa effekter på hälsa, samhälle, jobb och företag. Med tanke på de öppna gränserna inom Europa kan ett enstaka land inte ensamt hålla nere antalet COVID-19-fall och undvika importfall. Det krävs därför gemensamma åtgärder och gemensamma mål, länderna emellan. Vi kräver därför en stark, samordnad europeisk plan och tydligt definierade mål på medellång och lång sikt","In heel Europa veroorzaakt de SARS-CoV-2-pandemie extra sterfgevallen, wat een druk geeft op de samenleving en de gezondheidsstelsels en de economie schaadt. Desondanks moeten Europese regeringen nog een gemeenschappelijke visie ontwikkelen om het management van de pandemie te sturen. Overweldigend bewijs toont aan dat niet alleen de volksgezondheid, maar ook de samenleving en de economie veel baat hebben bij lage aantallen COVID-19-gevallen. Vaccins helpen het virus onder controle te houden, maar pas eind 2021. Als we nu niet ingrijpen, zijn verdere infectiegolven te verwachten, met als gevolg verdere schade aan de gezondheid, de samenleving, de werkgelegenheid en het bedrijfsleven. Gezien de open grenzen binnen Europa, kan één land het aantal COVID-19-gevallen niet laag houden; daarom zijn gezamenlijke actie en gemeenschappelijke doelstellingen tussen landen essentieel. We pleiten daarom voor een sterke, gecoördineerde Europese respons en duidelijk omschreven doelstellingen op middellange en lange termijn.","Kaikkialla Euroopassa SARS-CoV-2-pandemia on kasvattanut kuolintapausten määrää, rasittanut yhteiskuntia ja terveydenhuoltojärjestelmiä, ja aiheuttanut taloudellista vahinkoa. Euroopan hallitusten on kuitenkin vielä kehitettävä yhteinen visio pandemian hallinnan ohjaamiseksi. Kiistämätön tutkimusnäyttö osoittaa, että kansanterveyden lisäksi myös yhteiskunta ja talous hyötyvät suuresti alhaisesta COVID-19-tartuntojen lukumäärästä. Rokotteet auttavat pandemian hallinnassa, mutta vasta vuoden 2021 lopulla. Jos emme toimi nyt, on odotettavissa uusia tartunta-aaltoja, jotka vahingoittavat entisestään terveyttä, yhteiskuntaa, työllisyyttä ja yrityksiä. Kun otetaan huomioon avoimet rajat Euroopan sisällä, yksi maa ei yksin kykene pitämään COVID-19-tapausten määrää alhaisena; täten maiden välinen yhteinen toiminta ja yhteiset tavoitteet ovat välttämättömiä. Siksi vaadimme vahvaa ja koordinoitua eurooppalaista toimintaa sekä selkeästi määriteltyjä keskipitkän ja pitkän aikavälin tavoitteita.","Pandemija bolesti COVID-19, uzrokovane virusom SARS-CoV-2, izazvala je diljem Europe ekscesivni broj smrtnih ishoda, opterećujući društveni i zdravstveni sustav, kao i gospodarstvo. Stoga vlade europskih zemalja moraju osmisliti zajedničku strategiju u borbi protiv ove pandemije. Brojni dokazi potvrđuju da ne samo javno zdravstvo, već i društvo i gospodarstvo u cjelini imaju koristi od smanjenja broja slučajeva COVID-19. Cjepiva će doprinijeti kontroli pandemije, ali ne prije kraja 2021. godine. Ako odmah ne poduzmemo neke korake, mogli bi očekivati nove epidemijske valove koji će prouzročiti dodatnu štetu na zdravlje pučanstva, kao i društvo, tržište rada i gospodarstvo. Kako su granice unutar Europe otvorene, države ne mogu samostalno održavati mali broj slučajeva COVID-19 pa je nužno postaviti zajedničke ciljeve te zajednički djelovati. Stoga pozivamo na snažan i koordinirani odgovor Europe uz jasno definiranje srednjoročnih i dugoročnih ciljeva."
2,"Achieving and maintaining low case numbers should be the common, pan-European goal because:","Die oberste Prämisse sollte sein, in ganz Europa niedrige Fallzahlen zu erreichen und zu erhalten: ",Raggiungere e mantenere un numero basso di casi dovrebbe essere l’obiettivo comune pan-europeo perché:,"Doseganje in vzdrževanje majhnega števila primerov bi moral biti skupni vseevropski cilj, ker:","Osiągnięcie i utrzymanie niskiej liczby zakażeń powinno być wspólnym, ogólnoeuropejskim celem z poniższych względów.","Atteindre et maintenir un faible nombre de cas devrait être l'objectif commun, paneuropéen, pour les raisons suivantes :","Att uppnå och upprätthålla ett lågt antal infekterade bör vara det gemensamma, europeiska målet eftersom","Het bereiken en behouden van lage aantallen infecties zou het gemeenschappelijke, pan-Europese doel moeten zijn, want: ","Tartuntojen lukumäärän saaminen alas ja tartuntojen lukumäärän alhaalla pitämisen pitäisi olla koko Euroopan tavoite, koska:","Postizanje i trajno održavanje malog broja slučajeva trebao bi biti zajednički, paneuropski cilj zato što:"
3,Low case numbers save lives,Niedrige Fallzahlen retten Leben: ,Un basso numero di casi salva vite: ,Majhno število primerov rešuje življenja: ,Niska liczba zakażeń pozwala ratować życie: ,Un faible nombre de cas sauve des vies : ,Ett lågt antal infekterade personer räddar liv: ,Lage aantallen infecties redden levens: ,Alhainen tartuntojen määrä pelastaa ihmishenkiä: ,Mali broj slučajeva spašava živote: 
4,"Fewer people will die or suffer from long-term effects of COVID-19. In addition, medical resources will not be diverted from other patients in need.",Weniger Menschen müssen aufgrund schweren Verlaufs sterben oder an möglichen Langzeitfolgen durch COVID-19 leiden. Zudem müssen medizinische Ressourcen nicht von anderen Krankheiten abgezogen werden. ,"Meno persone moriranno o soffriranno degli effetti a lungo termine del COVID-19. Inoltre, risorse e strutture mediche torneranno a essere disponibili per altri pazienti che ne hanno bisogno.     ",Manj ljudi bo umrlo ali trpelo zaradi dolgoročnih učinkov okužbe s COVID-19. Poleg tega zdravstveni viri ne bodo preusmerjeni od drugih pacientov v stiski. ,mniej osób umrze lub będzie cierpieć z powodu długotrwałych skutków COVID-19. Ponadto zasoby medyczne nie będą przekierowywane kosztem innych pacjentów potrzebujących pomocy.,"Moins de personnes mourront ou souffriront des effets à long terme de la COVID-19. De plus, les ressources médicales ne seront pas détournées d'autres patients nécessitant des soins. ",Färre människor kommer att dö eller drabbas av långvariga effekter av COVID-19. Dessutom kommer medicinska resurser inte att tas från andra patienter med konkurrerande behov ,er zullen minder mensen overlijden of lijden aan de langetermijneffecten van COVID-19. Bovendien zullen de medische middelen beschikbaar blijven voor andere patiënten in nood.,Ihmisiä kuolee vähemmän ja harvempi kärsii COVID-19:n pitkäaikaisista vaikutuksista. Lääketieteellisiä resursseja ei tällöin myöskään tarvitse ohjata pois muilta apua tarvitsevilta potilailta.,"Manje će ljudi umrijeti ili patiti od dugoročnih posljedica COVID-19. Uz to, zdravstveni resursi neće biti uskraćeni ostalim bolesnicima kojima su potrebni."
5,Low case numbers save jobs and businesses,Niedrige Fallzahlen sichern Arbeitsplätze und Unternehmen: ,Un basso numero di casi salva posti di lavoro e imprese: ,Majhno število primerov rešuje delovna mesta in podjetja: ,Niska liczba zakażeń pozwala utrzymać miejsca pracy i ratować przedsiębiorstwa: ,Un faible nombre de cas permet de sauver des emplois et des entreprises : ,Ett lågt antal fall sparar jobb och företag: ,Lage aantallen infecties redden banen en bedrijven: ,Alhaiset tapaukset pelastavat työpaikkoja ja yrityksiä: ,Mali broj slučajeva doprinosi očuvanju radnih mjesta i gospodarstva: 
6,"The economic impact of COVID-19 is driven by viral circulation within the population, and economies can and will recover quickly once the virus is greatly reduced or eliminated (e.g. China and Australia). In contrast, the economic costs of lockdowns increase proportionally with their duration ","Die wirtschaftlichen Folgen hängen unmittelbar davon ab, wie sich das Virus in der Bevölkerung ausbreitet. Länder wie China und Australien haben gezeigt, dass sich Volkswirtschaften rasch erholen, sobald die Verbreitung des Virus stark reduziert oder gestoppt ist. Umgekehrt steigen die wirtschaftlichen Kosten von Lockdowns mit ihrer Dauer ","I danni economici di COVID-19 sono dovuti alla diffusione del virus nella popolazione, mentre le economie saranno in grado di riprendersi rapidamente una volta che il virus sarà notevolmente ridotto o eliminato (si pensi a Cina e Australia). Invece, i costi economici del lockdown crescono con la sua durata ","Ekonomski vpliv COVID-19 je odvisen od širjenja virusa med prebivalstvom, in gospodarstva se lahko in se bodo hitro obnovila, ko se bo vpliv virusa močno zmanjšal ali izločil (npr. Kitajska in Avstralija). Nasprotno pa se ekonomski stroški ukrepov s svojim trajanjem povečujejo ","wpływ COVID-19 na gospodarkę jest napędzany przez rozprzestrzenianie się wirusa w populacji. Gospodarki mogą się szybko odrodzić i tak się stanie, gdy wirus zostanie znacznie stłumiony lub wyeliminowany (np. Chiny i Australia). Z kolei koszty ekonomiczne całkowitego zamknięcia gospodarki rosną, im dłużej ono trwa ","l'impact économique de la COVID-19 est déterminé par la circulation du virus au sein de la population, et les économies peuvent se rétablir rapidement une fois que le virus aura été fortement réduit ou éliminé (par exemple en Chine et en Australie). En revanche, les coûts économiques des mesures de confinement augmentent avec leur durée ","De ekonomiska effekterna av COVID-19 påverkas starkt av fortsatt spridning av virus inom befolkningen, och ekonomier kan och kommer att återhämta sig snabbt när viruset har minskat kraftigt eller eliminerats (t.ex. Kina och Australien). Däremot ökar de ekonomiska kostnaderna för lockdowns med deras varaktighet ","de economische impact van COVID-19 wordt bepaald door de virale circulatie binnen de bevolking, en economieën kunnen en zullen snel herstellen zodra het virus sterk is verminderd of geëlimineerd (zie bijvoorbeeld China en Australië). Daarentegen nemen de economische kosten van lockdowns toe naarmate ze langer duren ","COVID-19:n taloudelliset vaikutukset johtuvat viruksen leviämisestä väestössä, ja kansantaloudet voivat toipua ja elpyä nopeasti, kun virus selkeästi vähenee tai poistuu (esim. Kiina ja Australia). Sitä vastoin sulkutoimien taloudelliset kustannukset kasvavat niiden keston myötä ","Ekonomski učinak COVID-19 posljedica je cirkulacije virusa u populaciji, dok se gospodarstvo može i hoće brzo oporaviti kada se cirkulacija virusa reducira ili eliminirana (kao npr. u Kini i Australiji). S druge strane, ekonomski troškovi tzv. zatvaranja (engl. lockdown) povećavaju se s duljinom njegovog trajanja "
7,Controlling the spread is much more effective at low case numbers:,Bei niedrigen Fallzahlen kann die Ausbreitung effektiver kontrolliert werden: ,Gli strumenti per controllare il contagio sono molto più efficaci con un basso numero di casi: ,Nadzor širjenja je veliko bolj učinkovit pri majhnem številu primerov: ,Kontrola rozprzestrzeniania się wirusa jest znacznie skuteczniejsza przy niskiej liczbie zakażeń: ,Le contrôle de la propagation est beaucoup plus efficace lorsque le nombre de cas est faible :,Kontrollen av spridningen är mycket effektivare vid lågt antal infekterade: ,De beheersing van de verspreiding is veel effectiever bij lage aantallen infecties: ,Leviämisen hallinta on huomattavasti tehokkaampaa tapausmäärien ollessa matalalla: ,Kontrola širenja bolesti je učinkovitija pri malom broju slučajeva: 
8,"Easing restrictions while accepting higher case numbers is a short-sighted strategy that will lead to another wave, and thus to higher costs for society as a whole. Testing and tracing capacities are limited: only with sufficiently low case numbers can the test-trace-isolate-support strategy (TTIS) quickly and efficiently help mitigating the spread ","Die Kapazitäten für Tests und Rückverfolgung sind begrenzt, und die so genannte „Test-Trace-Isolate-Support“-Strategie (TTIS) führt nur bei niedrigen Fallzahlen schnell und effizient zur Eindämmung der Virusverbreitung ","Allentare le restrizioni accettando numeri di casi più alti è una strategia miope che porterà ad altre ondate e quindi a costi più elevati per la società nel suo complesso. La risorse per i test e il tracciamento dei contatti sono limitate: solo con un numero di casi abbastanza basso, la strategia testare-tracciare-isolare-supportare (TTIS) può aiutare a mitigare la diffusione in modo rapido ed efficace ","Odpravljanje omejitev pri visokem številu okuženih je kratkovidna strategija, ki bo pripeljala do novega vala in s tem do višjih stroškov za družbo kot celoto. Zmogljivosti preskušanja in sledenja so omejene: le, če je število primerov majhno lahko strategija testiraj-sledi-izoliraj-podpri (TSIP) hitro in učinkovito pomaga ublažiti širjenje ","łagodzenie obostrzeń przy jednoczesnej akceptacji wyższej liczby zakażeń to krótkowzroczna strategia, która doprowadzi do kolejnej fali, a tym samym do wyższych kosztów dla całego społeczeństwa. Możliwości testowania i śledzenia są ograniczone: tylko przy wystarczająco niskiej liczbie zakażeń strategia polegająca na testowaniu, śledzeniu, izolowaniu i wspieraniu może szybko i skutecznie pomóc ograniczyć rozprzestrzenianie się wirusa ","l'assouplissement des restrictions tout en acceptant un nombre plus élevé de cas est une stratégie à courte vue qui entraînera une nouvelle vague, et donc des coûts plus élevés pour la société dans son ensemble. Les capacités de test et de traçage sont limitées : ce n'est qu'avec un nombre de cas suffisamment faible que la stratégie « test, traçage, isolement, soutien » (TTIS) peut contribuer rapidement et efficacement à atténuer la propagation ",Att lätta på begränsningar samtidigt som man accepterar ett högre antal fall är en kortsiktig strategi som kommer att leda till en ny uppgång av smitta och sjukdomsfall och därmed till högre kostnader för samhället som helhet. Test- och spårningskapaciteter är begränsade: endast med tillräckligt lågt antal infekterade kan testa-spåra-isolera-stödja-strategin (TTIS) snabbt och effektivt hjälpa till att minska spridningen ,"het versoepelen van beperkingen bij het accepteren van hogere aantallen infecties is een kortzichtige strategie die zal leiden tot een nieuwe golf, en dus tot hogere kosten voor de samenleving als geheel. De test- en opsporingscapaciteiten zijn beperkt: alleen met voldoende lage aantallen infecties kan de test-spoor op-isoleer-ondersteun-strategie (TTIS) snel en efficiënt helpen om de verspreiding te beperken ","Rajoitusten lieventäminen ja suurempien tartuntamäärien hyväksyminen on lyhytnäköinen strategia, joka johtaa uuteen aaltoon ja siten korkeampiin kustannuksiin koko yhteiskunnalle. Testaus- ja jäljityskapasiteetti on rajallinen: vain riittävän pienillä tapausmäärillä testaa-jäljitä-eristä-hoida -toimintamalli pystyy nopeasti ja tehokkaasti vähentämään leviämistä ","Ublažavanje restriktivnih mjera za vrijeme velikog broja slučajeva zaraze kratkoročna je strategija koja će rezultirati pojavom novog epidemijskog vala, a time i većim troškovima za društvo u cjelini. Kapaciteti testiranja i aktivnog traženja oboljelih su ograničeni: princip strategije „testiraj–aktivno traži oboljele–izoliraj–podržavaj“ (TTIS, od engl. test–trace–isolate–support) s ciljem brzog i učinkovitog sprječavanja širenja bolesti može se provoditi samo uz dovoljno mali broj slučajeva "
9,"Hence, milder and more targeted physical distancing measures are sufficient, and schools and businesses can stay open.","Bei geringen Fallzahlen reichen sanfte aber gezielte physische Distanzierungsmaßnahmen aus, Schulen und Betriebe können geöffnet bleiben. Beschränkungen zu lockern und damit höhere Fallzahlen in Kauf zu nehmen, ist hingegen eine kurzsichtige Strategie, die zu weiteren Wellen und damit zu höheren Kosten für die Gesellschaft insgesamt führen wird.","In un simile contesto, misure di distanziamento fisico più blande e più mirate sono sufficienti, mentre scuole e attività economiche possono rimanere aperte. ","Zato zadostujejo blažji in bolj usmerjeni ukrepi samo-izolacije, šole in podjetja pa lahko ostanejo odprta. ",Dlatego też do utrzymania kontroli wystarczą łagodniejsze i lepiej ukierunkowane środki utrzymywania dystansu fizycznego.,"Par conséquent, des mesures de distanciation physique plus douces et plus ciblées sont suffisantes, et les écoles et les entreprises peuvent rester ouvertes. ",Då kan mildare och mer målinriktade fysiska distansåtgärder vara tillräckliga och skolor och företag kan hållas öppna,Daarom zijn mildere en meer gerichte fysieke afstandsmaatregelen voldoende en kunnen scholen en bedrijven open blijven. ,"Tällöin lievemmät ja kohdennetummat fyysisen etäisyyden toimenpiteet riittävät, ja koulut ja yritykset voivat jatkaa toimintaansa.","Tada su dostatne i blaže i manje restriktivne mjere fizičkog distanciranja, a škole i poduzeća ne moraju se zatvarati. "
10,Contact tracing and quarantine is not feasible at high prevalence:,Kontaktnachverfolgung und Quarantäne sind bei hohen Fallzahlen nicht durchführbar: ,Tracciamento dei contatti e quarantena diventano ingestibili con un’elevata prevalenza: ,Sledenje stikov in karantena pri visoki razširjenosti nista izvedljiva: ,Śledzenie kontaktów i kwarantanna są niewykonalne przy wysokiej liczbie zakażeń: ,Le traçage des contacts et la mise en quarantaine ne sont pas possibles en cas de forte prévalence :,Kontaktspårning och karantänsättning är inte genomförbara vid stort antal nya fall. ,Contactopsporing en quarantaine is niet haalbaar bij een hoge prevalentie: ,Kontaktien jäljitys ja karanteenit eivät ole mahdollisia prevalenssin eli esiintyvyyden ollessa korkea: ,Praćenje kontakata i karantena/samoizolacija otežano se provode pri visokoj prevalenciji: 
11,"Assuming a state with 300 new cases per million per day, 10 contacts per case, and 10 days quarantine: Then 3% of the population would need to be in quarantine, resulting in strong reductions of the workforce.","Nehmen wir an, in einem Land gibt es täglich 300 neue Fälle pro Million EinwohnerInnen, zehn Kontakte pro Fall und zehn Tage Quarantäne – dann müssten ständig drei Prozent der Bevölkerung in Quarantäne sein. Das würde zu einer starken Reduktion der Arbeitskraft führen.","Immaginando una situazione con 300 nuovi casi per milione al giorno, 10 contatti per caso, e 10 giorni di quarantena, il 3% della popolazione dovrebbe essere in quarantena, con una conseguente forte riduzione della forza lavoro.","Predpostavimo državo s 300 novimi primeri na milijon na dan, z 10-imi stiki na primer in 10-dnevno karanteno: Potem bi moralo biti v karanteni 3% prebivalstva, kar bi povzročilo močno zmanjšanje delovne sile. ","zakładając w jednym kraju 300 nowych przypadków na milion mieszkańców dziennie, 10 kontaktów na przypadek i 10 dni kwarantanny, kwarantannie musiałoby się poddać 3% populacji, co spowodowałoby znaczny ubytek liczby osób pracujących.","à titre d’illustration, supposons un Etat avec 300 nouveaux cas quotidien par million d’habitants, 10 contacts par cas et 10 jours de quarantaine : Il faudrait alors que 3 % de la population soit en quarantaine, ce qui entraînerait une forte réduction de la force de travail de l’Etat concerné. ","Som exempel kan tas ett land med 300 nya fall per miljon per dag, 10 kontakter per fall och 10 dagars karantän. I denna situation skulle 3% av befolkningen behöva vara i karantän, vilket resulterar i stark minskning av arbetskraften.","Veronderstel een situatie met 300 nieuwe gevallen per miljoen per dag, 10 contacten per geval en 10 dagen quarantaine: dan zou 3% van de bevolking in quarantaine moeten zijn, wat resulteert in sterke reducties van het personeelsbestand. ","Jos meillä on 300 uutta tapausta miljoonaa asukasta kohden päivässä, 10 kontaktia tapausta kohden ja 10 päivän karanteeni, niin kolme prosenttia väestöstä olisi koko ajan karanteenissa: tämä vähentää voimakkaasti työvoimaa.","Pretpostavimo situaciju s brojem od 300 novootkrivenih slučajeva zaraze na milijun stanovnika dnevno, 10 kontakata po jednom slučaju zaraze i karanteni u trajanju od 10 dana: tada bi 3% populacije trebalo biti u karanteni što bi rezultiralo značajnim smanjenjem radne snage. "
12,Aiming for naturally acquired population immunity is not an option ,Eine natürlich erworbene Immunität der Bevölkerung ist keine Option ,Mirare a un’immunità di gregge acquisita naturalmente non è possibile ,Ciljanje na naravno pridobljeno populacijsko imunost ni sprejemljiva možnost ,Oczekiwanie na nabycie przez populację odporności zbiorowej jest wykluczone ,Viser l'immunité naturellement acquise de la population n'est pas une option ,Att sträva efter naturligt förvärvad befolkningsimmunitet är inte ett acceptabelt alternativ ,Streven naar natuurlijk verworven immuniteit van de bevolking is geen optie ,Väestötason immuniteetin tavoittelu sairastamalla ei ole vaihtoehto ,Težiti prirodnom stjecanju imunosti u populaciji nije rješenje 
13,"The heavy burden in terms of morbidity and mortality, reflected also in the current excess mortality, and the uncertain duration of immunity should strongly discourage this approach. ","Bei COVID-Erkrankten gibt es eine hohe Morbidität und Mortalität, die sich auch in der aktuellen Übersterblichkeit widerspiegelt. Zudem ist bisher nicht bekannt, wie lange eine erworbene Immunität anhält sollten von diesem Ansatz dringend abraten.  ","Il peso enorme in termini di morbidità e mortalità, ben visibile anche nell’attuale eccesso di mortalità, e l’incerta durata dell’immunità devono fortemente scoraggiare questo approccio.     ","Težko breme hudih oblik bolezni in umrljivosti, ki se odraža tudi v trenutni presežni umrljivosti, in negotovo trajanje imunosti bi morali močno odvračati od tega pristopa.","ponieważ: (i) zakażenia SARS-CoV-2 wiążą się z wysokim obciążeniem związanym z zachorowalnością i śmiertelnością, co już znajduje odzwierciedlenie w obecnej nadmiernej liczbie zgonów, oraz (ii) okres utrzymywania się nabytej odporności jest niepewny","La lourde charge en termes de morbidité et de mortalité, qui se reflète également dans la surmortalité actuelle, et la durée incertaine de l'immunité devraient fortement décourager cette approche. ","De svåra påfrestningar som hög sjuklighet och dödlighet medför, vilket också återspeglas i den nuvarande överdödligheten, och den osäkra varaktigheten av immuniteten talar starkt emot detta tillvägagångssätt.","De zware last in termen van morbiditeit en mortaliteit, ook weerspiegeld in de huidige oversterfte, en de onzekere immuniteitsduur zijn redenen om deze benadering sterk te ontmoedigen. ",Tämä strategia johtaa liian suureen sairastuvuuteen ja kuolleisuuteen. Nykyinen ylikuolleisuus Euroopassa ja immuniteetin epävarma kesto riittävät varoittamaan tällaisesta lähestymistavasta.,"Ovaj pristup ne bi trebalo poticati zbog velikog morbiditeta i mortaliteta povezanog s COVID-19, kao i zbog posljedičnog viška smrtnosti, uz neizvjesno trajanje imuniteta. "
14,Planning is possible:,Niedrige Fallzahlen erlauben Planbarkeit: ,Pianificare è possibile: ,Načrtovanje je mogoče: ,Planowanie jest możliwe: ,La planification est possible : ,Planering är möjlig: ,Planning is mogelijk: ,Suunnittelu on mahdollista: ,Planiranje je moguće: 
15,"When case numbers are low, there is no need for rapid policy changes. This reduces the economic damage and the uncertainty and strain on mental health. However, if case numbers rise too high, preventive measures must be taken decisively to reduce them again - and the earlier, the better  ","Die Politik muss nicht überhastete, plötzliche Änderungen beschließen, was den wirtschaftlichen Schaden ebenso wie die Verunsicherung und psychische Belastung der Bevölkerung reduziert. Sollten die Fallzahlen stark steigen, müssen präventive Maßnahmen entschlossen ergriffen werden, um diese wieder zu senken – je früher, desto besser ","Quando il numero di casi è mantenuto basso, non è necessario cambiare le politiche in modo rapido e improvviso. Questo riduce il danno economico, l’incertezza e lo stress per la salute mentale. Tuttavia, se il numero di casi aumenta troppo, bisogna attuare misure preventive in modo rapido e deciso per abbassarlo di nuovo – e prima le si attua, meglio è ","Ko je število primerov malo, hitre spremembe politike niso potrebne. To zmanjšuje gospodarsko škodo in negotovost, kakor tudi obremenitev duševnega zdravja. Če pa število primerov preveč naraste, je treba odločno sprejeti preventivne ukrepe, da bi širjenje znova obvladali - in to čim prej tem bolje ","gdy liczba zakażeń jest niska, nie są potrzebne gwałtowne zmiany polityki. Zmniejsza to straty ekonomiczne oraz niepewność i obciążenie dla zdrowia psychicznego ludzi. Jeśli jednak liczba przypadków nadmiernie wzrośnie, należy podjąć zdecydowane działania zapobiegawcze, aby ją ponownie obniżyć – i im wcześniej, tym lepiej ","lorsque le nombre de cas est faible, il n'est pas nécessaire de changer rapidement de politique. Cela permet de réduire les dommages économiques ainsi que l'incertitude et la pression sur la santé mentale. Cependant, si le nombre de cas augmente trop, des mesures préventives doivent être prises de manière décisive pour les faire baisser à nouveau - et le plus tôt sera le mieux ","När antalet nya fall är lågt behövs inga snabba policyändringar. Detta minskar de ekonomiska skadorna samt osäkerheten och belastningen på mental hälsa. Däremot, om antalet fall stiger för högt, måste förebyggande åtgärder vidtas avgörande för att få ner dem igen - ju tidigare, desto bättre ","als het aantal infecties laag is, zijn snelle beleidswijzigingen niet nodig. Dit vermindert de economische schade, de onzekerheid en druk op de geestelijke gezondheid. Als het aantal gevallen echter te hoog oploopt, moeten preventieve maatregelen worden genomen om ze weer terug te dringen - en hoe eerder, hoe beter ","Tapausmäärien ollessa pieniä politiikkatoimia ei tarvitse nopeasti muuttaa. Tämä vähentää taloudellisia vahinkoja, epävarmuutta ja mielenterveyteen kohdistuvaa rasitusta. Jos tapausten määrä kuitenkin kasvaa liian suureksi, ennaltaehkäisevät toimenpiteet on toteutettava päättäväisesti tapausmäärien vähentämiseksi uudelleen – mitä aikaisemmin, sitä parempi ","Kada imamo mali broj slučajeva nije potrebno brzo mijenjati planove. Time se izbjegavaju negativni gospodarski učinci, kao i nesigurnost te ugroza mentalnog zdravlja. Međutim, ako broj slučajeva previše poraste, potrebno je poduzeti odlučne preventivne mjere kako bi se broj slučajeva opet smanjio, što ranije, to bolje "
16,"To better manage the COVID-19 pandemic, we propose a strategy with three core elements:","Um den Umgang mit der COVID-19 Pandemie zu verbessern, schlagen wir daher eine gesamteuropäische Strategie vor, die folgende drei Kernelemente enthalten sollte:","Per gestire meglio la pandemia di COVID-19, proponiamo una strategia basata su tre elementi fondamentali:",Za boljše obvladovanje pandemije COVID-19 predlagamo strategijo s tremi ključnimi elementi:,"Aby lepiej zarządzać pandemią COVID-19, proponujemy strategię składającą się z trzech podstawowych elementów:","Pour mieux gérer la pandémie COVID-19, nous proposons une stratégie comportant trois éléments essentiels :",För att bättre kunna hantera COVID-19-pandemin föreslår vi en strategi med tre kärnelement:,"Om de COVID-19-pandemie beter te beheersen, stellen we een strategie voor met drie kernelementen: ","COVID-19-pandemian hallitsemiseksi ehdotamme strategiaa, jossa on kolme keskeistä osaa:","Za bolje upravljanje pandemijom COVID-19, predlažemo strategiju koja se temelji na tri osnovna elementa: "
17,Achieve low case numbers.,Rasch niedrige Fallzahlen erreichen,Arrivare a un basso numero di casi.,Dosežimo majhno število primerov.,Osiągnięcie niskiej liczby zakażeń. ,Atteindre un faible nombre de cas.,Uppnå lågt antal fall.,Behaal lage aantallen infecties. ,Saavutetaan alhainen tartuntatapausten määrä.,Postići mali broj slučajeva. 
18,"Aim for a target of 10 new COVID-19 cases or less per million people per day. This target has already been reached in many countries, and can be reached again throughout Europe by spring, at the latest.",Anzustreben sind maximal zehn neue COVID-19-Fälle pro Million Menschen pro Tag. Dieses Ziel wurde in vielen Ländern erreicht und kann in ganz Europa spätestens im Frühjahr wieder erreicht werden.,"Puntare a un obiettivo di non più di 10 nuovi casi di COVID-19 per milione di persone al giorno. Questo obiettivo è stato raggiunto in passato in molti Paesi, e può essere raggiunto di nuovo in tutta Europa, entro la primavera al più tardi.","Cilj je največ 10 novih primerov COVID-19 na milijon ljudi na dan. Ta cilj je bil dosežen v mnogih državah, najpozneje do pomladi pa ga je mogoče ponovno doseči po vsej Evropi. ",Należy wyznaczyć cel polegający na utrzymaniu maksymalnej liczby 10 nowych przypadków COVID-19 na milion osób dziennie. Cel ten został już osiągnięty w wielu krajach i może zostać ponownie osiągnięty w całej Europie najpóźniej do wiosny.,Viser un objectif de pas plus de 10 nouveaux cas COVID-19 quotidien par million de personnes. Cet objectif a été atteint dans de nombreux pays et peut être atteint à nouveau dans toute l'Europe au plus tard au printemps.,Sikta på ett mål om högst 10 nya fall av COVID-19 per miljon människor per dag. Detta mål hade uppnåtts på författaren i många länder och kan nås igenom hela Europa senast på våren.,Streef naar een doelstelling van niet meer dan 10 nieuwe COVID-19-gevallen per miljoen mensen per dag. Dit doel is in veel landen bereikt en kan uiterlijk in het voorjaar weer in heel Europa worden bereikt. ,"Tavoitteena on enintään 10 uutta COVID-19 -tapausta miljoonaa ihmistä kohti päivässä. Tämä tavoite oli jo saavutettu monissa maissa, ja se voidaan saavuttaa uudelleen Euroopan laajuisesti viimeistään kevääseen mennessä.","Nastojati postići ne više od 10 novootkrivenih slučajeva COVID-19 na milijun stanovnika dnevno. Taj je cilj postignut u mnogim zemljama, a najkasnije do proljeća mogao bi se ponovno postići u cijeloj Europi. "
19,"Take firm action to reduce case numbers quickly. Strong interventions have proven efficient, and balance the rapid achievement of low case numbers against the negative impact of the interventions on mental health and the economy.","Um die Fallzahlen schnell zu reduzieren, braucht es entschlossenes Handeln. Tiefgreifende Interventionen haben sich als effizient erwiesen. Sie stellen das rasche Erreichen niedriger Fallzahlen bei kurzdauernder Belastung von Psyche und Volkswirtschaft sicher.",Agire con decisione per ridurre rapidamente il numero di casi. Interventi forti si sono dimostrati efficaci e sono un buon compromesso tra il rapido raggiungimento di un basso numero di casi e lo stress per la salute mentale e l’economia.,"Ukrepati je potrebno odločno, da se bo število primerov hitro manjšalo. Odločne in stroge intervencije so se izkazale za učinkovite, še posebej v luči ravnotežja med hitrim doseganjem upada primerov in obremenitve za duševno zdravje in gospodarstvo.",Należy podjąć zdecydowane działania w celu szybkiego zmniejszenia liczby zakażeń. Zdecydowane środki okazały się skuteczne i pozwalają zrównoważyć szybkie osiągnięcie niskiej liczby przypadków z negatywnym wpływem obostrzeń na zdrowie psychiczne ludzi i na gospodarkę.,Prendre des mesures fermes pour réduire rapidement le nombre de cas. Des interventions fortes se sont avérées efficaces et permettent de trouver un équilibre entre la réduction rapide du nombre de cas et la pression exercée sur la santé mentale et l'économie.,Vidta åtgärder för att snabbt minska antalet nya fall. Starka insatser har visat sig vara effektiva.  Att snabbt nå ett lågt antal fall skall vägas mot den belastning på mental hälsa och ekonomin som både höga smittal och hårda restriktioner utgör.,Onderneem stevige maatregelen om het aantal infecties snel te verminderen. Krachtige interventies zijn efficiënt gebleken en het snel bereiken van lage aantallen infecties weegt op tegen de druk op de geestelijke gezondheid en de economie. ,"Tartuntojen vähentämiseksi pitää toimia päättäväisesti ja nopeasti. Voimakkaat toimet ovat osoittautuneet tehokkaiksi, ja painavat nopeasti tartuntamääriä alas rasittamatta liikaa mielenterveyttä tai taloutta.",Poduzeti odlučne mjere za brzo smanjenje broja slučajeva. Snažne intervencije pokazale su se učinkovitima i uravnotežuju brzo postizanje malog broja slučajeva s manjim opterećenjem mentalnog zdravlja i gospodarstva. 
20,"To avoid a ping-pong effect by importing and reimporting SARS-CoV-2 infections, the reduction should be synchronized across all European countries and start as soon as possible. This synchronization will allow European borders to stay open.","Um einen Ping-Pong-Effekt von importierten und re-importierten COVID-Infektionen zu vermeiden, sollten die Bemühungen um niedrige Fallzahlenin allen europäischen Ländern synchronisiert sein und so schnell wie möglich beginnen. Die Koordination der Maßnahmen erlaubt, dass die europäischen Grenzen offenbleiben können.","Per evitare un effetto ping-pong di importazione e reimportazione di infezioni da SARS-CoV-2, la riduzione dei casi dovrebbe essere sincronizzata in tutti i Paesi europei e cominciare il prima possibile. Questa sincronizzazione consentirà ai confini europei di rimanere aperti senza problemi.","Da bi se izognili ping-pong učinku uvoza in ponovnega uvoza okužb s SARS-CoV-2, je potrebno ukrepe in z njimi povezano zmanjšane števila primerov uskladiti v vseh evropskih državah, in to čim prej. Ta usklajenost bo evropskim mejam omogočila, da ostanejo odprte.","Aby uniknąć tzw. efektu jojo związanego z przywożeniem i ponownym przywożeniem wirusa SARS-CoV-2 z zagranicy, ograniczenie liczby zakażeń powinno zostać zsynchronizowane we wszystkich krajach europejskich i należy je osiągnąć jak najszybciej. Synchronizacja ta pozwoli na utrzymanie w Europie otwartych granic.","Afin d'éviter l'effet de ping-pong lié à l'importation et à la réimportation d'infections de SARS-Cov-2, la réduction devrait être synchronisée dans tous les pays européens et commencer dès que possible. Cette synchronisation permettra aux frontières européennes de rester ouvertes.",För att undvika en ping-pong-effekt av import och återimport av SARS-CoV-2-infektioner bör minskningen synkroniseras över alla europeiska länder och startas så snart som möjligt. Denna synkronisering gör att europeiska gränser kan hållas öppna.,"Om een pingpong-effect van het importeren en opnieuw importeren van SARS-CoV-2-infecties te voorkomen, moet de reductie worden gesynchroniseerd in alle Europese landen en moet deze reductie zo snel mogelijk beginnen. Door deze synchronisatie blijven de Europese grenzen open. ",SARS-CoV-2-tartuntojen leviämisen estämiseksi uudelleen tiettyyn maahan on tartuntojen vähentämiseen päästävä samanaikaisesti kaikkialla Euroopassa. Tämä on aloitettava mahdollisimman pian. Synkronoinnin ansiosta Euroopan rajat voidaan pitää avoinna.,"Kako bi se izbjegao ping-pong učinak importiranjem i re-importiranjem slučajeva zaraze virusom SARS-CoV-2, trebalo bi uskladiti mjere u svim europskim zemljama i započeti ih provoditi čim je moguće prije. Usklađenim djelovanjem europske granice će moći ostati otvorene."
21,Keep case numbers low.,Fallzahlen niedrig halten,Mantenere basso il numero dei casi.,Ohranjajmo majhno število primerov.,Utrzymanie niskiej liczby zakażeń. ,Maintenir le nombre de cas à un faible niveau.,Håll antalet sjukdomsfall nere.,Houd het aantal infecties laag. ,Pidetään tartuntamäärät alhaisina.,Održati mali broj slučajeva.
22,"At low case numbers, restrictions may be eased, but this should be carefully monitored. Targeted mitigation measures, such as mask wearing, hygiene, contact regulation and TTIS will be continued and improved.","Sobald die Fallzahlen niedrig sind, können die Beschränkungen – unter sorgfältiger Überwachung – gelockert werden. Eindämmungsmaßnahmen wie das Tragen von Masken, erhöhte Hygiene, moderate Kontaktreduzierung, Tests und Contact Tracing sollten fortgesetzt und verbessert werden.","Quando il numero di casi è basso, un allentamento delle restrizioni è possibile, ma deve essere attentamente monitorato. Bisogna continuare ad adottare, e migliorare, le misure di mitigazione mirate: indossare la mascherina, igiene, moderata riduzione dei contatti, test e tracciamento dei contatti.","Če je število primerov majhno, je mogoče ublažiti omejitve, vendar jih je potrebno tudi skrbno spremljati. Nadaljujmo in izboljšajmo ciljno usmerjene preventivne ukrepe, kot so nošenje mask, higiena, zmerno zmanjšanje stikov, testiranje in sledenje stikom.","Przy niskiej liczbie zakażeń można złagodzić obostrzenia, ale należy uważnie monitorować sytuację. Ukierunkowane środki łagodzące, takie jak noszenie maseczek, przestrzeganie zasad higieny, regulacje dotyczące kontaktów fizycznych oraz strategia polegająca na testowaniu, śledzeniu, izolowaniu i wspieraniu, będą kontynuowane i udoskonalane.","Lorsque le nombre de cas est faible, un assouplissement des restrictions est possible, mais il doit être surveillé de près. Poursuivre et améliorer les mesures d'atténuation ciblées, telles que le port de masque, l'hygiène, la réduction modérée des contacts, les tests et la recherche des contacts.","När antalet är lågt är det möjligt att reducera begränsande åtgärder men utvecklingen bör övervakas noggrant. Fortsätt och förbättra riktade mildrande åtgärder, såsom användning av skyddsmask, hygien, minskning av antalet kontakter, testning och kontaktspårning.","Als het aantal infecties laag is, is versoepeling van de beperkingen mogelijk, maar dit moet zorgvuldig worden gecontroleerd. Ga door met en verbeter de gerichte mitigerende maatregelen, zoals het dragen van maskers, hygiëne, matige contactvermindering, testen en contactopsporing. ","Tapausmäärien ollessa alhaiset, rajoitusten lieventäminen on mahdollista, mutta sitä on seurattava huolellisesti. Jatketaan ja parannetaan kohdennettuja torjuntatoimenpiteitä, kuten maskien käyttöä, käsihygieniaa, kohtuullista kontaktien välttämistä, testausta ja jäljittämistä.","Kada se postigne mali broj slučajeva, moguće je ublažiti restriktivne mjere, ali ih treba pažljivo nadzirati. Potrebno je nastaviti primjenjivati mjere za smanjenje rizika, kao što su nošenje maski, provođenje općih higijenskih mjera, izbjegavanje bliskih kontakata, testiranje i aktivno traženje oboljelih. "
23,"Even if case numbers are low, a strategy for surveillance testing (of at least 300 tests per million people per day) should be in place, covering the most important population groups at risk so that an increase in case numbers  can be detected in time.",Auch bei niedrigen Fallzahlen sollte es eine Überwachungsstrategie geben – mindestens 300 Tests pro Million EinwohnerInnen pro Tag. Damit kann ein Anstieg der Fallzahlen rechtzeitig erkannt werden.,"Anche se il numero di casi è basso, una campagna di test di sorveglianza (come minimo 300 test per milione di persone al giorno) deve essere sempre attiva, in modo che un aumento nel numero di casi possa essere rilevato tempestivamente.","Tudi če je število primerov majhno, bi morala obstajati strategija za nadzorno testiranje (najmanj 300 testov na milijon ljudi na dan), tako da bi lahko pravočasno zaznali povečanje števila primerov.","Nawet przy niskiej liczbie przypadków należy wprowadzić strategię testów kontrolnych (co najmniej 300 testów na milion osób dziennie) ukierunkowaną na najbardziej zagrożone grupy ludności, aby można było wystarczająco wcześnie wykryć wzrost liczby zakażeń.","Même si le nombre de cas est faible, une stratégie de tests de surveillance (au moins 300 tests par million de personnes par jour) doit être mise en place, afin qu'une augmentation du nombre de cas puisse être détectée à temps.",Även om antalet fall är lågt bör en strategi för övervakningstestning (åtminstone 300 tester per miljon människor per dag) vara på plats så att en ökning av antalet fall kan upptäckas i tid.,"Zelfs als het aantal gevallen laag is, zou er een strategie voor surveillancetests (ten minste 300 tests per miljoen mensen per dag) moeten zijn, zodat een toename van het aantal infecties op tijd kan worden gedetecteerd. ","Vaikka tapausten lukumäärä on alhainen, seulontatestauksen (vähintään 300 testiä miljoonaa ihmistä kohti päivässä) tulisi olla käytössä, jotta tartuntatapausten kasvu voidaan havaita ajoissa.","Čak i kada je broj slučajeva mali, treba provoditi nadzorno testiranje (najmanje 300 testova na milijun stanovnika dnevno) kako bi se na vrijeme uočio porast broja slučajeva."
24,"Local outbreaks require a rapid and rigorous response, including travel restrictions, targeted testing, and possibly regional lockdowns, to achieve a rapid reduction in prevalence.","Lokale Ausbrüche erfordern eine schnelle und rigorose Reaktion mit Reisebeschränkungen, gezielten Tests und möglicherweise regionalen Absperrungen, bis die Zielvorgabe wieder erreicht ist.","Focolai locali vanno affrontati con una risposta rapida e rigorosa, che comprende restrizioni di viaggio, test mirati, e se necessario lockdown regionali, così da ottenere una rapida riduzione della prevalenza.","Lokalni izbruhi zahtevajo hiter in strog odziv, vključno z omejitvami potovanja, usmerjenim testiranjem in po možnosti regionalnimi zaporami, da se doseže hitro zmanjšanje razširjenosti","Lokalne ogniska zakażeń wymagają szybkiej i zdecydowanej reakcji, w tym ograniczeń w podróżowaniu, ukierunkowanego testowania i potencjalnie lokalnego zamknięcia gospodarki, w celu szybkiego zmniejszenia liczby nowych zakażeń.","Les foyers locaux nécessitent une réponse rapide et rigoureuse, y compris des restrictions de voyage, des tests ciblés et éventuellement des confinements régionaux, pour parvenir à une réduction rapide de la prévalence.","Lokala utbrott kräver snabba och noggrant utformade åtgärder, inklusive reserestriktioner, målinriktad testning och eventuellt regionala nedstängningar för att uppnå en snabb minskning av antalet nya fall.","Lokale uitbraken vereisen een snelle en rigoureuze reactie, inclusief reisbeperkingen, gerichte tests en mogelijk regionale lockdowns, om een snelle vermindering van de prevalentie te bereiken.","Paikalliset tartuntaryppäät edellyttävät nopeaa ja tiukkaa toimintaa, mukaan lukien matkustusrajoitukset, kohdennettu testaus ja mahdolliset alueelliset sulut, jotta taudin esiintyvyys vähenisi nopeasti.","Povećani broj slučajeva bolesti na manjem području zahtijeva brz i strog odgovor, što uključuje restrikciju putovanja, ciljano testiranje i moguće regionalno zatvaranje, kako bi se na vrijeme postiglo smanjenje prevalencije."
25,Develop a longer-term common vision.,"Eine gemeinsame, langfristige Vision entwickeln",Sviluppare una visione comune di lungo termine. ,Razvijmo dolgoročno skupno vizijo. ,Wypracowanie długoterminowej wspólnej wizji. ,Développer une vision commune à plus long terme. ,Utveckla en långsiktig gemensam vision.,Ontwikkel een gemeenschappelijke visie voor de langere termijn. ,Kehitetään pitkän aikavälin yhteinen visio.,Razviti zajedničku dugoročnu viziju. 
26,"Develop context-sensitive regional and national action plans as well as European-level goals, depending on the COVID-19 prevalence. Develop strategies for elimination, screening, vaccination, protection of those at high risk, and support for those most affected by the COVID-19 pandemic ","Wichtig ist die Entwicklung von kontextabhängigen regionalen und nationalen Aktionsplänen, sowie von Zielen auf europäischer Ebene, abgestuft nach der Zahl der COVID-19-Fälle. Zudem bedarf es der Entwicklung von Strategien zum Screening, zu Impfungen, zur Eliminierung (sofern sie in Reichweite kommt), zum Schutz von Risikogruppen und zur Unterstützung derer, die am stärksten von der Pandemie betroffen sind ","Sviluppare piani di azione nazionali e regionali, ben attagliati al contesto locale, e obiettivi a livello europeo, adeguati a seconda della prevalenza di COVID-19. Elaborare strategie per l’eliminazione, il monitoraggio, la vaccinazione, la protezione delle persone ad alto rischio, e il supporto per i più colpiti dalla pandemia di COVID-19 ","Razvijmo regionalne in nacionalne akcijske načrte ter cilje na evropski ravni v odvisnosti od razširjenosti COVID-19. Oblikujmo strategije za izločanje, nadzorovanje, cepljenje, zaščito tveganih in podporo tistim, ki jih pandemija COVID-19 najbolj prizadene ","Należy opracować regionalne i krajowe plany działania uwzględniające specyfikę lokalną, a także wyznaczyć cele na poziomie europejskim w zależności od rozpowszechnienia COVID-19. Należy opracować strategie eliminacji, badań przesiewowych, szczepień, ochrony osób z grupy wysokiego ryzyka oraz wsparcia dla osób najbardziej dotkniętych pandemią COVID-19 ","Élaborer des plans d'action régionaux et nationaux adaptés au contexte ainsi que des objectifs au niveau européen, en fonction de la prévalence de la COVID-19. Élaborer des stratégies d'élimination, de dépistage, de vaccination, de protection des personnes à haut risque et de soutien aux personnes les plus touchées par la pandémie de COVID-19 ","Utveckla lokalt anpassade regionala och nationella handlingsplaner samt mål på europeisk nivå, beroende på prevalensen av COVID-19. Utarbeta strategier för eliminering, screening, vaccination, skydd av högrisk-personer och stöd för dem som drabbats mest av COVID-19-pandemin ","Ontwikkel contextgevoelige regionale en nationale actieplannen en doelstellingen op Europees niveau, afhankelijk van de prevalentie van COVID-19. Ontwikkel strategieën voor eliminatie, screening, vaccinatie, bescherming van mensen met een hoog risico en ondersteuning van degenen die het zwaarst zijn getroffen door de COVID-19-pandemie ","Kehitetään alueelliset ja kansalliset toimintasuunnitelmat sekä Euroopan tason tavoitteet COVID-19:n esiintyvyyden mukaan. Suunnitellaan strategiat eliminoimiseksi, seulomiseksi, rokottamiseksi, riskiryhmien suojelemiseksi ja niiden tueksi, jotka ovat kärsineet eniten COVID-19-pandemiasta ","Izraditi kontekstualne regionalne i nacionalne akcijske planove, kao i ciljeve na europskoj razini, ovisno o prevalenciji COVID-19. Osmisliti strategiju za eliminaciju, probir, cijepljenje, zaštitu visokorizičnih skupina i podršku onima koji su najviše pogođeni pandemijom COVID-19 "
27,It is crucial to clearly communicate the advantage of low SARS-CoV-2 incidence. ,"Es ist entscheidend, das Ziel und den Vorteil von niedrigen Fallzahlen klar zu kommunizieren, um die Mitwirkung der Öffentlichkeit zu sichern: ",Comunicare chiaramente l’obiettivo e il vantaggio di un numero basso di casi è cruciale per promuovere la cooperazione pubblica. ,Za pospeševanje javnega sodelovanja je bistvenega pomena jasno komunicirati cilj in prednosti majhnega števila primerov. ,"Istotne jest, aby w jasny sposób komunikować zalety niskiego współczynnika zachorowalności na COVID-19.",Il est essentiel de communiquer clairement l'objectif et l'avantage d'un faible nombre de cas afin de favoriser la coopération du public. ,Det är viktigt att tydligt kommunicera målet och fördelen med lågt antal infekterade för att främja ett bra samarbetsklimat i samhället. ,Het is van cruciaal belang om het doel en het voordeel van lage aantallen infecties duidelijk te communiceren om de publieke samenwerking te bevorderen. ,Alhaisen tartuntamäärän tavoitteesta ja hyödyistä koko yhteiskunnalle on viestittävä tehokkaasti. ,Da bi se pridobila suradnja javnosti ključno je obznaniti cilj i prednosti strategije za postizanje malog broja slučajeva. 
28,"The success of these measures depends crucially on the cooperation and involvement of the public. Making the case for the economic and social benefits of reducing case numbers will, if clearly communicated, greatly foster public cooperation.","Der Erfolg aller Maßnahmen hängt entscheidend von der Kooperation und Beteiligung der Bevölkerung ab. Werden die wirtschaftlichen und sozialen Vorteile niedriger Fallzahlen klar kommuniziert, wird das die Kooperationsbereitschaft stark erhöhen.","Il successo di queste misure dipende in modo chiave dalla cooperazione e dal coinvolgimento della popolazione. Perorare la causa del beneficio economico e sociale derivante dalla riduzione nel numero di casi, grazie a una comunicazione efficace, promuoverà notevolmente la cooperazione pubblica.","Uspeh teh ukrepov je močno odvisen od sodelovanja in vključenosti javnosti. Ukrepanje v korist ekonomskih in socialnih koristi zmanjšanja števila primerov bo, če bo jasno skomunicirano, močno spodbudilo javno sodelovanje.",Powodzenie tych działań zależy przede wszystkim od współpracy ze strony społeczeństwa. Klarowne przedstawienie argumentów przemawiających za korzyściami gospodarczymi i społecznymi wynikającymi z ograniczenia liczby przypadków znacznie ułatwi tę współpracę.,"Le succès de ces mesures dépend essentiellement de la coopération et de la participation du public. Si les avantages économiques et sociaux de la réduction du nombre de cas sont clairement communiqués, la coopération du public sera grandement favorisée.",Framgången för dessa åtgärder beror i högsta grad på allmänhetens samarbete och medverkan. Att tydligt redogöra för och kommunicera de ekonomiska och sociala fördelarna med att minska antalet infekterade främjar samarbetet i vårt samhälle.,"Het succes van deze maatregelen hangt in belangrijke mate af van de medewerking en betrokkenheid van het publiek. Het pleiten voor de economische en sociale voordelen van het verminderen van het aantal infecties zal, indien duidelijk gecommuniceerd, de openbare samenwerking aanzienlijk bevorderen. ",Tämä on ratkaisevan tärkeää julkisen yhteistyön edistämiseksi. Näiden toimenpiteiden onnistuminen riippuu kansalaisten yhteistyöstä ja osallistumisesta. Taloudellisten ja sosiaalisten hyötyjen selkeä viestiminen kansalaisille edesauttaa tavoitteiden saavuttamista. ,Uspjeh ovih mjera ovisi isključivo o suradljivosti i sudjelovanju javnosti. Pridobivanje javnosti na suradnju može se postići boljom komunikacijom uz jasno isticanje gospodarskih i društvenih koristi od malog broja slučajeva COVID-19.
29,Controlling COVID-19 will become easier: ,Die Kontrolle von COVID-19 wird einfacher werden: ,Controllare COVID-19 diventerà più facile: ,Nadzor nad COVID-19 bo vse lažji: ,Opanowanie pandemii COVID-19 stanie się łatwiejsze: ,Le contrôle de COVID-19 deviendra plus facile : ,Styrning av COVID-19 kommer att bli enklare. ,Het beheersen van COVID-19 zal gemakkelijker worden: ,COVID-19:n hallitseminen helpottuu:,Olakšati će se kontrola pandemije COVID-19: 
30,"In the near future, increased immunization, more testing, and an improved understanding of mitigation strategies will further facilitate the control of SARS-CoV-2.","In naher Zukunft werden eine steigende Immunisierung, mehr Tests und ein verbessertes Verständnis der Eindämmungsstrategien die Kontrolle der Pandemie weiter erleichtern. ","Nel prossimo futuro, un’accresciuta immunizzazione, più test e una migliore comprensione delle strategie di mitigazione faciliteranno ulteriormente il controllo di COVID-19.","V bližnji prihodnosti bodo povečana imunizacija, več testiranj in boljše razumevanje strategij za ublažitev olajšali nadzor nad COVID-19.","w niedalekiej przyszłości zwalczanie SARS-CoV-2 będzie jeszcze łatwiejsze dzięki zwiększonej odporności, większej liczbie testów i lepszemu zrozumieniu strategii łagodzenia skutków. ","dans un avenir proche, une augmentation de l’immunisation, d’avantage de tests et une meilleure compréhension des stratégies d'atténuation faciliteront encore le contrôle de la COVID-19.","Inom en snar framtid kommer ökad vaccinering, utvidgad testning och en förbättrad förståelse för strategier att minska smittan i samhället att ytterligare underlätta kontrollen av COVID-19.","in de nabije toekomst zullen verhoogde immunisatie, meer testen en een beter begrip van mitigatiestrategieën de beheersing van COVID-19 verder vergemakkelijken. ","Lähitulevaisuudessa lisääntyvä rokottein saavutettava immuniteetti, testauksen lisääntyminen ja parempi ymmärrys torjuntastrategioista helpottaa COVID-19:n hallintaa entisestään. ","U bliskoj budućnosti kontrolu pandemije će olakšati veća stopa procijepljenosti, više testiranja i bolje razumijevanje strategija za smanjenje rizika. "
31,"We urge governments throughout Europe to agree on clearly formulated common goals, to coordinate their efforts, to develop regionally-adapted strategies to reach the goals, and thereby work resolutely towards low SARS-CoV-2 case numbers.","Europäische Länder sollten mit klar formulierten gemeinsamen Zielen, koordinierten Anstrengungen und regional angepassten Strategien entschlossen auf niedrige Fallzahlen hinarbeiten.","Esortiamo i governi di tutta Europa a concordare obiettivi comuni chiaramente formulati, a coordinare i loro sforzi, a sviluppare strategie adattate a livello regionale per raggiungere gli obiettivi, e quindi a lavorare con decisione verso il raggiungimento e il mantenimento di un basso numero di casi.","Pozivamo vlade po vsej Evropi, da se dogovorijo o jasno oblikovanih skupnih ciljih, uskladijo svoja prizadevanja, razvijejo regionalno prilagojene strategije za dosego ciljev, in si tako odločno prizadevajo za močno zmanjšanje števila primerov.","Wzywamy rządy w całej Europie do uzgodnienia jasno sformułowanych, wspólnych celów, do koordynacji starań, do opracowania strategii na rzecz osiągnięcia tych celów z uwzględnieniem uwarunkowań regionalnych, a tym samym do podjęcia zdecydowanych działań na rzecz osiągnięcia niskiej liczby zakażeń SARS-CoV-2.","Nous invitons les gouvernements de toute l'Europe à se mettre d'accord sur des objectifs communs clairement formulés, à coordonner leurs efforts, à élaborer des stratégies adaptées aux régions pour atteindre ces objectifs et à travailler ainsi résolument à la réduction du nombre de cas.","Vi uppmanar regeringar i hela Europa att komma överens om tydligt formulerade gemensamma mål, att samordna alla ansträngningar samt att utveckla regionalt anpassade strategier för att nå målen och därigenom resolut arbeta för ett lågt antal nya sjukdomsfall.","We dringen er bij regeringen in heel Europa op aan om het eens te worden over duidelijk geformuleerde gemeenschappelijke doelen, hun inspanningen te coördineren, regionaal aangepaste strategieën te ontwikkelen om de doelen te bereiken, en daarbij resoluut toe te werken naar lage aantallen infecties.","Kehotamme hallituksia kaikkialla Euroopassa sopimaan selkeästi muotoilluista yhteisistä tavoitteista, koordinoimaan ponnistelujaan, kehittämään alueellisesti mukautettuja strategioita tavoitteiden saavuttamiseksi ja pyrkimään päättäväisesti kohti vähäisiä tartuntalukuja.","Ovim putem pozivamo vlade diljem Europe da prihvate jasno postavljene zajedničke ciljeve, usuglase svoje napore, razviju i prilagode regionalnu strategiju za postizanje ovih ciljeva i odlučno teže postizanju malog broja slučajeva zaraze virusom SARS-CoV-2."
32,References,Quellen,Bibliografia,References,References,References,References,Referenties,References,Literatura
33,,This translation was provided by Thomas Czypionka and Peter Klimek.,This translation was provided by Giulia Giordano.,This translation was provided by Matjaž Perc.,This translation was provided by the Polish Academy of Sciences.,This translation was provided by Michelle Kelly-Irving and Cyrille Delpierre.,This translation was provided by Claudia Hanson and Fredrik Elgh.,This translation was provided by Martin Bootsma.,This translation was provided by Pirta Hotulainen.,This translation was provided by Antonia Čivljak.
34, ,,,,,,,,,
